Session Information:,,,,Device Information:,,,,Oarlock Information:,,,,Oarlock Settings:

Name:,JustGo-3267M,,,Name:,Ben-Humer_speedcoach,,,Firmware:,---,,,Boat ID:,---
Start Time:,22/09/23 05:48,,,Model:,SpeedCoach GPS Pro,,,,,,,Seat Number:,---
Type:,Just Go,,,Serial:,2790228,,,,,,,Port Starboard:,---
System of Units:,Meters/Split500,,,Firmware Version:,2.23,,,,,,,Oar Length:,---
Speed Input:,GPS,,,Profile Version:,0.03,,,,,,,Inboard Length:,---
,,,,Hardware Version:,Rev 11
,,,,LiNK Version:,1.32


Session Summary:

Total Intervals,Total Distance (GPS),Total Distance (IMP),Total Elapsed Time,Avg Split (GPS),Avg Speed (GPS),Avg Split (IMP),Avg Speed (IMP),Avg Stroke Rate,Total Strokes,Distance/Stroke (GPS),Distance/Stroke (IMP),Avg Heart Rate,Avg Power,Avg Catch,Avg Slip,Avg Finish,Avg Wash,Avg Force Avg,Avg Work,Avg Force Max,Avg Max Force Angle,Start GPS Lat.,Start GPS Lon.
(Interval),(Meters),(Meters),(HH:MM:SS.tenths),(/500),(M/S),(/500),(M/S),(SPM),(Strokes),(Meters),(Meters),(BPM),(Watts),(Degrees),(Degrees),(Degrees),(Degrees),(Newtons),(Joules),(Newtons),(Degrees),(Degrees),(Degrees)
1,3267.8,0.0,00:14:22.7,00:02:12.2,3.78,00:00:00.0,0.00,23.0,299,10.9,0.0,---,---,---,---,---,---,---,---,---,---,43.63213820,-79.43752740


Interval Summaries:

Interval,Total Distance (GPS),Total Distance (IMP),Total Elapsed Time,Avg Split (GPS),Avg Speed (GPS),Avg Split (IMP),Avg Speed (IMP),Avg Stroke Rate,Total Strokes,Distance/Stroke (GPS),Distance/Stroke (IMP),Avg Heart Rate,Avg Power,Avg Catch,Avg Slip,Avg Finish,Avg Wash,Avg Force Avg,Avg Work,Avg Force Max,Avg Max Force Angle,Start GPS Lat.,Start GPS Lon.
(Interval),(Meters),(Meters),(HH:MM:SS.tenths),(/500),(M/S),(/500),(M/S),(SPM),(Strokes),(Meters),(Meters),(BPM),(Watts),(Degrees),(Degrees),(Degrees),(Degrees),(Newtons),(Joules),(Newtons),(Degrees),(Degrees),(Degrees)
1,3267.8,0.0,00:14:22.7,00:02:12.2,3.78,00:00:00.0,0.00,23.0,299,10.9,0.0,---,---,---,---,---,---,---,---,---,---,43.63213820,-79.43752740



Per-Stroke Data:

Interval,Distance (GPS),Distance (IMP),Elapsed Time,Split (GPS),Speed (GPS),Split (IMP),Speed (IMP),Stroke Rate,Total Strokes,Distance/Stroke (GPS),Distance/Stroke (IMP),Heart Rate,Power,Catch,Slip,Finish,Wash,Force Avg,Work,Force Max,Max Force Angle,GPS Lat.,GPS Lon.
(Interval),(Meters),(Meters),(HH:MM:SS.tenths),(/500),(M/S),(/500),(M/S),(SPM),(Strokes),(Meters),(Meters),(BPM),(Watts),(Degrees),(Degrees),(Degrees),(Degrees),(Newtons),(Joules),(Newtons),(Degrees),(Degrees),(Degrees)
1,3.2,0.0,00:00:01.6,00:06:53.2,1.21,00:00:00.0,0.00,37.5,1,3.2,0.0,---,---,---,---,---,---,---,---,---,---,43.63213820,-79.43752740
1,12.4,0.0,00:00:05.2,00:03:45.2,2.22,00:00:00.0,0.00,17.0,2,9.2,0.0,---,---,---,---,---,---,---,---,---,---,43.63218770,-79.43761920
1,23.5,0.0,00:00:08.8,00:03:01.1,2.76,00:00:00.0,0.00,18.0,3,11.1,0.0,---,---,---,---,---,---,---,---,---,---,43.63225030,-79.43772580
1,34.2,0.0,00:00:11.8,00:02:32.4,3.28,00:00:00.0,0.00,18.0,4,10.7,0.0,---,---,---,---,---,---,---,---,---,---,43.63230360,-79.43783680
1,47.7,0.0,00:00:15.4,00:02:19.2,3.59,00:00:00.0,0.00,18.0,5,13.5,0.0,---,---,---,---,---,---,---,---,---,---,43.63236120,-79.43798430
1,59.7,0.0,00:00:18.6,00:02:14.4,3.72,00:00:00.0,0.00,17.5,6,12.0,0.0,---,---,---,---,---,---,---,---,---,---,43.63240800,-79.43811900
1,72.5,0.0,00:00:22.0,00:02:13.6,3.74,00:00:00.0,0.00,18.5,7,12.7,0.0,---,---,---,---,---,---,---,---,---,---,43.63245530,-79.43826270
1,85.4,0.0,00:00:25.4,00:02:11.9,3.79,00:00:00.0,0.00,17.5,8,13.0,0.0,---,---,---,---,---,---,---,---,---,---,43.63250450,-79.43840880
1,97.9,0.0,00:00:28.6,00:02:10.5,3.83,00:00:00.0,0.00,18.0,9,12.4,0.0,---,---,---,---,---,---,---,---,---,---,43.63255120,-79.43854890
1,111.4,0.0,00:00:32.2,00:02:10.5,3.83,00:00:00.0,0.00,17.5,10,13.5,0.0,---,---,---,---,---,---,---,---,---,---,43.63260230,-79.43870090
1,123.5,0.0,00:00:35.4,00:02:11.5,3.80,00:00:00.0,0.00,18.0,11,12.1,0.0,---,---,---,---,---,---,---,---,---,---,43.63264880,-79.43883730
1,135.7,0.0,00:00:38.8,00:02:13.3,3.75,00:00:00.0,0.00,17.5,12,12.2,0.0,---,---,---,---,---,---,---,---,---,---,43.63269680,-79.43897310
1,149.0,0.0,00:00:42.2,00:02:13.3,3.75,00:00:00.0,0.00,17.5,13,13.3,0.0,---,---,---,---,---,---,---,---,---,---,43.63275160,-79.43912010
1,162.4,0.0,00:00:45.8,00:02:12.2,3.78,00:00:00.0,0.00,17.0,14,13.4,0.0,---,---,---,---,---,---,---,---,---,---,43.63280600,-79.43926820
1,175.2,0.0,00:00:49.2,00:02:12.6,3.77,00:00:00.0,0.00,18.0,15,12.8,0.0,---,---,---,---,---,---,---,---,---,---,43.63285820,-79.43940950
1,187.7,0.0,00:00:52.6,00:02:14.0,3.73,00:00:00.0,0.00,17.0,16,12.5,0.0,---,---,---,---,---,---,---,---,---,---,43.63291060,-79.43954720
1,200.4,0.0,00:00:56.0,00:02:15.5,3.69,00:00:00.0,0.00,17.5,17,12.7,0.0,---,---,---,---,---,---,---,---,---,---,43.63296600,-79.43968500
1,213.6,0.0,00:00:59.8,00:02:15.8,3.68,00:00:00.0,0.00,17.0,18,13.2,0.0,---,---,---,---,---,---,---,---,---,---,43.63301960,-79.43983070
1,225.8,0.0,00:01:02.9,00:02:15.5,3.69,00:00:00.0,0.00,17.5,19,12.2,0.0,---,---,---,---,---,---,---,---,---,---,43.63307210,-79.43996310
1,239.2,0.0,00:01:06.4,00:02:13.6,3.74,00:00:00.0,0.00,17.0,20,13.4,0.0,---,---,---,---,---,---,---,---,---,---,43.63313330,-79.44010640
1,252.1,0.0,00:01:09.8,00:02:12.2,3.78,00:00:00.0,0.00,18.0,21,12.9,0.0,---,---,---,---,---,---,---,---,---,---,43.63319260,-79.44024440
1,265.1,0.0,00:01:13.2,00:02:11.9,3.79,00:00:00.0,0.00,17.5,22,13.0,0.0,---,---,---,---,---,---,---,---,---,---,43.63325190,-79.44038280
1,277.9,0.0,00:01:16.6,00:02:11.5,3.80,00:00:00.0,0.00,18.0,23,12.8,0.0,---,---,---,---,---,---,---,---,---,---,43.63330800,-79.44052180
1,291.0,0.0,00:01:20.0,00:02:11.5,3.80,00:00:00.0,0.00,17.0,24,13.1,0.0,---,---,---,---,---,---,---,---,---,---,43.63336410,-79.44066540
1,304.0,0.0,00:01:23.4,00:02:11.5,3.80,00:00:00.0,0.00,18.0,25,13.0,0.0,---,---,---,---,---,---,---,---,---,---,43.63341930,-79.44080750
1,316.4,0.0,00:01:26.8,00:02:11.9,3.79,00:00:00.0,0.00,17.5,26,12.4,0.0,---,---,---,---,---,---,---,---,---,---,43.63347400,-79.44094180
1,329.5,0.0,00:01:30.0,00:02:10.2,3.84,00:00:00.0,0.00,18.0,27,13.1,0.0,---,---,---,---,---,---,---,---,---,---,43.63353090,-79.44108350
1,343.2,0.0,00:01:33.6,00:02:08.5,3.89,00:00:00.0,0.00,17.0,28,13.7,0.0,---,---,---,---,---,---,---,---,---,---,43.63359080,-79.44123250
1,356.4,0.0,00:01:37.0,00:02:09.1,3.87,00:00:00.0,0.00,17.5,29,13.1,0.0,---,---,---,---,---,---,---,---,---,---,43.63364940,-79.44137410
1,369.7,0.0,00:01:40.4,00:02:09.1,3.87,00:00:00.0,0.00,17.5,30,13.3,0.0,---,---,---,---,---,---,---,---,---,---,43.63371120,-79.44151600
1,382.8,0.0,00:01:43.8,00:02:08.5,3.89,00:00:00.0,0.00,17.5,31,13.1,0.0,---,---,---,---,---,---,---,---,---,---,43.63377340,-79.44165360
1,396.0,0.0,00:01:47.2,00:02:08.8,3.88,00:00:00.0,0.00,17.5,32,13.2,0.0,---,---,---,---,---,---,---,---,---,---,43.63383790,-79.44179150
1,409.2,0.0,00:01:50.8,00:02:09.8,3.85,00:00:00.0,0.00,18.0,33,13.2,0.0,---,---,---,---,---,---,---,---,---,---,43.63390050,-79.44193100
1,421.9,0.0,00:01:53.9,00:02:09.1,3.87,00:00:00.0,0.00,17.5,34,12.6,0.0,---,---,---,---,---,---,---,---,---,---,43.63395670,-79.44206750
1,435.7,0.0,00:01:57.4,00:02:07.2,3.93,00:00:00.0,0.00,17.5,35,13.8,0.0,---,---,---,---,---,---,---,---,---,---,43.63401780,-79.44221620
1,448.4,0.0,00:02:00.6,00:02:06.9,3.94,00:00:00.0,0.00,18.5,36,12.7,0.0,---,---,---,---,---,---,---,---,---,---,43.63407420,-79.44235320
1,461.5,0.0,00:02:04.0,00:02:07.8,3.91,00:00:00.0,0.00,18.5,37,13.1,0.0,---,---,---,---,---,---,---,---,---,---,43.63413000,-79.44249690
1,473.8,0.0,00:02:07.2,00:02:08.8,3.88,00:00:00.0,0.00,18.0,38,12.3,0.0,---,---,---,---,---,---,---,---,---,---,43.63418080,-79.44263300
1,487.1,0.0,00:02:10.6,00:02:09.1,3.87,00:00:00.0,0.00,18.0,39,13.2,0.0,---,---,---,---,---,---,---,---,---,---,43.63423500,-79.44277930
1,499.6,0.0,00:02:13.8,00:02:09.5,3.86,00:00:00.0,0.00,18.0,40,12.5,0.0,---,---,---,---,---,---,---,---,---,---,43.63428710,-79.44291670
1,513.3,0.0,00:02:17.4,00:02:10.2,3.84,00:00:00.0,0.00,17.5,41,13.7,0.0,---,---,---,---,---,---,---,---,---,---,43.63434530,-79.44306710
1,526.0,0.0,00:02:20.8,00:02:09.8,3.85,00:00:00.0,0.00,18.0,42,12.7,0.0,---,---,---,---,---,---,---,---,---,---,43.63440050,-79.44320470
1,538.9,0.0,00:02:23.9,00:02:07.2,3.93,00:00:00.0,0.00,18.5,43,12.9,0.0,---,---,---,---,---,---,---,---,---,---,43.63445840,-79.44334360
1,552.4,0.0,00:02:27.2,00:02:04.6,4.01,00:00:00.0,0.00,18.0,44,13.5,0.0,---,---,---,---,---,---,---,---,---,---,43.63451940,-79.44348820
1,566.0,0.0,00:02:30.6,00:02:03.7,4.04,00:00:00.0,0.00,18.0,45,13.6,0.0,---,---,---,---,---,---,---,---,---,---,43.63458110,-79.44363450
1,579.1,0.0,00:02:33.8,00:02:03.7,4.04,00:00:00.0,0.00,18.5,46,13.1,0.0,---,---,---,---,---,---,---,---,---,---,43.63464220,-79.44377320
1,592.9,0.0,00:02:37.2,00:02:03.1,4.06,00:00:00.0,0.00,18.0,47,13.8,0.0,---,---,---,---,---,---,---,---,---,---,43.63470630,-79.44391940
1,606.1,0.0,00:02:40.4,00:02:02.5,4.08,00:00:00.0,0.00,18.5,48,13.2,0.0,---,---,---,---,---,---,---,---,---,---,43.63476910,-79.44405890
1,618.8,0.0,00:02:43.6,00:02:04.0,4.03,00:00:00.0,0.00,18.5,49,12.7,0.0,---,---,---,---,---,---,---,---,---,---,43.63482730,-79.44419430
1,631.5,0.0,00:02:46.8,00:02:05.9,3.97,00:00:00.0,0.00,19.0,50,12.7,0.0,---,---,---,---,---,---,---,---,---,---,43.63488370,-79.44433180
1,645.1,0.0,00:02:50.2,00:02:05.6,3.98,00:00:00.0,0.00,18.0,51,13.6,0.0,---,---,---,---,---,---,---,---,---,---,43.63494070,-79.44448050
1,658.0,0.0,00:02:53.4,00:02:05.6,3.98,00:00:00.0,0.00,18.5,52,12.9,0.0,---,---,---,---,---,---,---,---,---,---,43.63499280,-79.44462420
1,670.9,0.0,00:02:56.8,00:02:06.2,3.96,00:00:00.0,0.00,18.0,53,12.9,0.0,---,---,---,---,---,---,---,---,---,---,43.63504480,-79.44476710
1,684.2,0.0,00:03:00.0,00:02:05.9,3.97,00:00:00.0,0.00,18.5,54,13.3,0.0,---,---,---,---,---,---,---,---,---,---,43.63509930,-79.44491390
1,696.9,0.0,00:03:03.2,00:02:05.6,3.98,00:00:00.0,0.00,18.0,55,12.6,0.0,---,---,---,---,---,---,---,---,---,---,43.63515310,-79.44505220
1,709.8,0.0,00:03:06.6,00:02:07.5,3.92,00:00:00.0,0.00,19.0,56,12.9,0.0,---,---,---,---,---,---,---,---,---,---,43.63520740,-79.44519400
1,722.0,0.0,00:03:09.8,00:02:10.8,3.82,00:00:00.0,0.00,18.0,57,12.2,0.0,---,---,---,---,---,---,---,---,---,---,43.63525810,-79.44532850
1,734.4,0.0,00:03:13.0,00:02:11.5,3.80,00:00:00.0,0.00,18.5,58,12.4,0.0,---,---,---,---,---,---,---,---,---,---,43.63531230,-79.44546250
1,747.2,0.0,00:03:16.4,00:02:11.9,3.79,00:00:00.0,0.00,18.5,59,12.8,0.0,---,---,---,---,---,---,---,---,---,---,43.63536970,-79.44560060
1,759.5,0.0,00:03:19.6,00:02:11.2,3.81,00:00:00.0,0.00,18.0,60,12.3,0.0,---,---,---,---,---,---,---,---,---,---,43.63542290,-79.44573410
1,772.4,0.0,00:03:23.0,00:02:10.5,3.83,00:00:00.0,0.00,19.0,61,12.9,0.0,---,---,---,---,---,---,---,---,---,---,43.63547730,-79.44587560
1,783.3,0.0,00:03:25.8,00:02:10.8,3.82,00:00:00.0,0.00,20.0,62,10.9,0.0,---,---,---,---,---,---,---,---,---,---,43.63552190,-79.44599570
1,793.9,0.0,00:03:28.6,00:02:11.2,3.81,00:00:00.0,0.00,22.0,63,10.6,0.0,---,---,---,---,---,---,---,---,---,---,43.63556510,-79.44611350
1,804.6,0.0,00:03:31.4,00:02:10.8,3.82,00:00:00.0,0.00,21.0,64,10.7,0.0,---,---,---,---,---,---,---,---,---,---,43.63560530,-79.44623370
1,814.5,0.0,00:03:34.0,00:02:11.5,3.80,00:00:00.0,0.00,21.5,65,9.9,0.0,---,---,---,---,---,---,---,---,---,---,43.63564150,-79.44634590
1,824.8,0.0,00:03:36.8,00:02:14.0,3.73,00:00:00.0,0.00,22.0,66,10.3,0.0,---,---,---,---,---,---,---,---,---,---,43.63567720,-79.44646390
1,835.0,0.0,00:03:39.6,00:02:15.8,3.68,00:00:00.0,0.00,22.0,67,10.3,0.0,---,---,---,---,---,---,---,---,---,---,43.63571230,-79.44658160
1,845.2,0.0,00:03:42.4,00:02:16.6,3.66,00:00:00.0,0.00,21.0,68,10.2,0.0,---,---,---,---,---,---,---,---,---,---,43.63574670,-79.44669840
1,855.4,0.0,00:03:45.2,00:02:17.3,3.64,00:00:00.0,0.00,21.5,69,10.1,0.0,---,---,---,---,---,---,---,---,---,---,43.63578050,-79.44681550
1,865.0,0.0,00:03:47.9,00:02:17.3,3.64,00:00:00.0,0.00,21.0,70,9.6,0.0,---,---,---,---,---,---,---,---,---,---,43.63581140,-79.44692700
1,876.8,0.0,00:03:51.2,00:02:18.5,3.61,00:00:00.0,0.00,19.5,71,11.8,0.0,---,---,---,---,---,---,---,---,---,---,43.63584850,-79.44706400
1,888.5,0.0,00:03:54.4,00:02:18.5,3.61,00:00:00.0,0.00,18.5,72,11.7,0.0,---,---,---,---,---,---,---,---,---,---,43.63588830,-79.44719830
1,900.9,0.0,00:03:57.8,00:02:16.6,3.66,00:00:00.0,0.00,18.0,73,12.4,0.0,---,---,---,---,---,---,---,---,---,---,43.63593090,-79.44734080
1,912.7,0.0,00:04:01.0,00:02:16.2,3.67,00:00:00.0,0.00,19.0,74,11.8,0.0,---,---,---,---,---,---,---,---,---,---,43.63597080,-79.44747620
1,942.7,0.0,00:04:12.3,00:02:16.2,3.67,00:00:00.0,0.00,17.0,75,30.0,0.0,---,---,---,---,---,---,---,---,---,---,43.63579950,-79.44780360
1,947.4,0.0,00:04:15.7,00:06:10.3,1.35,00:00:00.0,0.00,17.5,76,4.7,0.0,---,---,---,---,---,---,---,---,---,---,43.63578720,-79.44774780
1,950.5,0.0,00:04:17.9,00:05:59.7,1.39,00:00:00.0,0.00,23.5,77,3.1,0.0,---,---,---,---,---,---,---,---,---,---,43.63577880,-79.44771070
1,958.9,0.0,00:04:24.5,00:06:10.3,1.35,00:00:00.0,0.00,9.5,78,8.4,0.0,---,---,---,---,---,---,---,---,---,---,43.63575660,-79.44761160
1,961.4,0.0,00:04:26.7,00:06:46.5,1.23,00:00:00.0,0.00,26.0,79,2.5,0.0,---,---,---,---,---,---,---,---,---,---,43.63575030,-79.44758190
1,967.0,0.0,00:04:35.2,00:07:47.2,1.07,00:00:00.0,0.00,53.5,80,5.6,0.0,---,---,---,---,---,---,---,---,---,---,43.63572770,-79.44748700
1,972.5,0.0,00:04:37.5,00:04:08.7,2.01,00:00:00.0,0.00,25.0,81,5.5,0.0,---,---,---,---,---,---,---,---,---,---,43.63570580,-79.44742540
1,978.8,0.0,00:04:39.6,00:03:26.6,2.42,00:00:00.0,0.00,26.0,82,6.3,0.0,---,---,---,---,---,---,---,---,---,---,43.63567920,-79.44735630
1,986.3,0.0,00:04:42.0,00:02:53.0,2.89,00:00:00.0,0.00,27.0,83,7.6,0.0,---,---,---,---,---,---,---,---,---,---,43.63564510,-79.44727530
1,993.7,0.0,00:04:44.3,00:02:30.6,3.32,00:00:00.0,0.00,28.0,84,7.4,0.0,---,---,---,---,---,---,---,---,---,---,43.63561090,-79.44719650
1,1002.6,0.0,00:04:46.2,00:02:11.9,3.79,00:00:00.0,0.00,29.0,85,8.9,0.0,---,---,---,---,---,---,---,---,---,---,43.63557130,-79.44710110
1,1011.5,0.0,00:04:48.2,00:01:59.9,4.17,00:00:00.0,0.00,30.0,86,8.9,0.0,---,---,---,---,---,---,---,---,---,---,43.63553430,-79.44700370
1,1019.9,0.0,00:04:50.2,00:01:52.1,4.46,00:00:00.0,0.00,31.5,87,8.4,0.0,---,---,---,---,---,---,---,---,---,---,43.63550340,-79.44690800
1,1029.3,0.0,00:04:52.0,00:01:46.3,4.70,00:00:00.0,0.00,30.0,88,9.4,0.0,---,---,---,---,---,---,---,---,---,---,43.63547270,-79.44679870
1,1039.7,0.0,00:04:54.2,00:01:45.2,4.75,00:00:00.0,0.00,28.0,89,10.4,0.0,---,---,---,---,---,---,---,---,---,---,43.63544060,-79.44667810
1,1051.0,0.0,00:04:56.9,00:01:48.9,4.59,00:00:00.0,0.00,23.0,90,11.3,0.0,---,---,---,---,---,---,---,---,---,---,43.63540320,-79.44654700
1,1062.4,0.0,00:04:59.6,00:01:56.2,4.30,00:00:00.0,0.00,21.5,91,11.3,0.0,---,---,---,---,---,---,---,---,---,---,43.63536680,-79.44641600
1,1089.3,0.0,00:05:09.2,00:03:39.2,2.28,00:00:00.0,0.00,30.0,92,26.9,0.0,---,---,---,---,---,---,---,---,---,---,43.63514400,-79.44562460
1,1090.8,0.0,00:05:10.0,00:06:49.8,1.22,00:00:00.0,0.00,63.0,93,1.5,0.0,---,---,---,---,---,---,---,---,---,---,43.63513710,-79.44560850
1,1096.2,0.0,00:05:12.4,00:04:11.2,1.99,00:00:00.0,0.00,25.0,94,5.5,0.0,---,---,---,---,---,---,---,---,---,---,43.63511490,-79.44554800
1,1102.9,0.0,00:05:14.6,00:03:24.0,2.45,00:00:00.0,0.00,28.0,95,6.6,0.0,---,---,---,---,---,---,---,---,---,---,43.63508520,-79.44547680
1,1110.5,0.0,00:05:16.8,00:02:40.7,3.11,00:00:00.0,0.00,28.0,96,7.7,0.0,---,---,---,---,---,---,---,---,---,---,43.63505020,-79.44539490
1,1118.8,0.0,00:05:18.8,00:02:14.7,3.71,00:00:00.0,0.00,29.0,97,8.2,0.0,---,---,---,---,---,---,---,---,---,---,43.63501230,-79.44530700
1,1127.7,0.0,00:05:20.8,00:01:59.9,4.17,00:00:00.0,0.00,30.0,98,8.9,0.0,---,---,---,---,---,---,---,---,---,---,43.63497170,-79.44521180
1,1137.1,0.0,00:05:22.8,00:01:50.3,4.53,00:00:00.0,0.00,30.0,99,9.4,0.0,---,---,---,---,---,---,---,---,---,---,43.63492880,-79.44511060
1,1146.8,0.0,00:05:24.8,00:01:43.7,4.82,00:00:00.0,0.00,31.5,100,9.7,0.0,---,---,---,---,---,---,---,---,---,---,43.63488650,-79.44500540
1,1158.1,0.0,00:05:27.2,00:01:43.3,4.84,00:00:00.0,0.00,28.0,101,11.3,0.0,---,---,---,---,---,---,---,---,---,---,43.63483990,-79.44488100
1,1168.5,0.0,00:05:29.6,00:01:48.9,4.59,00:00:00.0,0.00,22.0,102,10.4,0.0,---,---,---,---,---,---,---,---,---,---,43.63479620,-79.44476670
1,1179.7,0.0,00:05:32.4,00:01:57.6,4.25,00:00:00.0,0.00,21.5,103,11.2,0.0,---,---,---,---,---,---,---,---,---,---,43.63475090,-79.44464300
1,1190.8,0.0,00:05:35.2,00:02:04.3,4.02,00:00:00.0,0.00,21.5,104,11.1,0.0,---,---,---,---,---,---,---,---,---,---,43.63470710,-79.44451880
1,1202.5,0.0,00:05:38.2,00:02:06.2,3.96,00:00:00.0,0.00,20.5,105,11.7,0.0,---,---,---,---,---,---,---,---,---,---,43.63465920,-79.44438900
1,1213.4,0.0,00:05:41.0,00:02:07.8,3.91,00:00:00.0,0.00,20.5,106,10.9,0.0,---,---,---,---,---,---,---,---,---,---,43.63461360,-79.44426950
1,1224.7,0.0,00:05:44.0,00:02:09.8,3.85,00:00:00.0,0.00,20.0,107,11.3,0.0,---,---,---,---,---,---,---,---,---,---,43.63456700,-79.44414550
1,1236.0,0.0,00:05:47.0,00:02:11.5,3.80,00:00:00.0,0.00,20.0,108,11.3,0.0,---,---,---,---,---,---,---,---,---,---,43.63452010,-79.44402090
1,1248.0,0.0,00:05:50.2,00:02:11.5,3.80,00:00:00.0,0.00,20.0,109,12.0,0.0,---,---,---,---,---,---,---,---,---,---,43.63446960,-79.44388950
1,1259.3,0.0,00:05:53.2,00:02:11.5,3.80,00:00:00.0,0.00,19.5,110,11.3,0.0,---,---,---,---,---,---,---,---,---,---,43.63442180,-79.44376560
1,1270.3,0.0,00:05:56.2,00:02:14.0,3.73,00:00:00.0,0.00,20.5,111,11.0,0.0,---,---,---,---,---,---,---,---,---,---,43.63437510,-79.44364490
1,1282.1,0.0,00:05:59.4,00:02:15.8,3.68,00:00:00.0,0.00,19.0,112,11.8,0.0,---,---,---,---,---,---,---,---,---,---,43.63432550,-79.44351560
1,1293.3,0.0,00:06:02.4,00:02:15.5,3.69,00:00:00.0,0.00,19.5,113,11.2,0.0,---,---,---,---,---,---,---,---,---,---,43.63427970,-79.44339200
1,1305.3,0.0,00:06:05.6,00:02:14.7,3.71,00:00:00.0,0.00,19.5,114,12.0,0.0,---,---,---,---,---,---,---,---,---,---,43.63422970,-79.44326000
1,1316.8,0.0,00:06:08.6,00:02:12.6,3.77,00:00:00.0,0.00,19.5,115,11.5,0.0,---,---,---,---,---,---,---,---,---,---,43.63417960,-79.44313590
1,1328.6,0.0,00:06:11.6,00:02:10.2,3.84,00:00:00.0,0.00,19.5,116,11.8,0.0,---,---,---,---,---,---,---,---,---,---,43.63412660,-79.44300910
1,1341.2,0.0,00:06:14.8,00:02:08.2,3.90,00:00:00.0,0.00,19.5,117,12.7,0.0,---,---,---,---,---,---,---,---,---,---,43.63407030,-79.44287250
1,1353.2,0.0,00:06:17.8,00:02:06.5,3.95,00:00:00.0,0.00,19.5,118,12.0,0.0,---,---,---,---,---,---,---,---,---,---,43.63401750,-79.44274260
1,1365.8,0.0,00:06:21.0,00:02:06.2,3.96,00:00:00.0,0.00,19.5,119,12.6,0.0,---,---,---,---,---,---,---,---,---,---,43.63396250,-79.44260600
1,1377.3,0.0,00:06:24.0,00:02:08.2,3.90,00:00:00.0,0.00,20.5,120,11.5,0.0,---,---,---,---,---,---,---,---,---,---,43.63391250,-79.44248080
1,1389.0,0.0,00:06:27.0,00:02:10.2,3.84,00:00:00.0,0.00,19.5,121,11.6,0.0,---,---,---,---,---,---,---,---,---,---,43.63386220,-79.44235450
1,1400.6,0.0,00:06:30.0,00:02:10.5,3.83,00:00:00.0,0.00,19.5,122,11.7,0.0,---,---,---,---,---,---,---,---,---,---,43.63381010,-79.44222900
1,1412.9,0.0,00:06:33.2,00:02:10.5,3.83,00:00:00.0,0.00,20.0,123,12.2,0.0,---,---,---,---,---,---,---,---,---,---,43.63375450,-79.44209790
1,1424.5,0.0,00:06:36.2,00:02:10.5,3.83,00:00:00.0,0.00,19.5,124,11.7,0.0,---,---,---,---,---,---,---,---,---,---,43.63370040,-79.44197360
1,1435.9,0.0,00:06:39.2,00:02:11.2,3.81,00:00:00.0,0.00,19.5,125,11.4,0.0,---,---,---,---,---,---,---,---,---,---,43.63364690,-79.44185330
1,1448.1,0.0,00:06:42.4,00:02:12.2,3.78,00:00:00.0,0.00,19.5,126,12.1,0.0,---,---,---,---,---,---,---,---,---,---,43.63358930,-79.44172540
1,1459.5,0.0,00:06:45.4,00:02:12.6,3.77,00:00:00.0,0.00,19.5,127,11.4,0.0,---,---,---,---,---,---,---,---,---,---,43.63353560,-79.44160450
1,1471.7,0.0,00:06:48.6,00:02:11.5,3.80,00:00:00.0,0.00,19.5,128,12.2,0.0,---,---,---,---,---,---,---,---,---,---,43.63347910,-79.44147450
1,1483.3,0.0,00:06:51.6,00:02:10.5,3.83,00:00:00.0,0.00,20.0,129,11.6,0.0,---,---,---,---,---,---,---,---,---,---,43.63342750,-79.44134940
1,1495.1,0.0,00:06:54.6,00:02:10.2,3.84,00:00:00.0,0.00,19.5,130,11.8,0.0,---,---,---,---,---,---,---,---,---,---,43.63337480,-79.44122300
1,1506.8,0.0,00:06:57.6,00:02:09.8,3.85,00:00:00.0,0.00,20.0,131,11.7,0.0,---,---,---,---,---,---,---,---,---,---,43.63331930,-79.44109950
1,1519.3,0.0,00:07:00.8,00:02:08.2,3.90,00:00:00.0,0.00,20.0,132,12.5,0.0,---,---,---,---,---,---,---,---,---,---,43.63325810,-79.44096960
1,1530.3,0.0,00:07:03.6,00:02:07.8,3.91,00:00:00.0,0.00,20.0,133,11.1,0.0,---,---,---,---,---,---,---,---,---,---,43.63320380,-79.44085420
1,1542.1,0.0,00:07:06.6,00:02:08.5,3.89,00:00:00.0,0.00,20.5,134,11.7,0.0,---,---,---,---,---,---,---,---,---,---,43.63315030,-79.44072910
1,1553.7,0.0,00:07:09.6,00:02:09.1,3.87,00:00:00.0,0.00,20.5,135,11.6,0.0,---,---,---,---,---,---,---,---,---,---,43.63309640,-79.44060610
1,1565.3,0.0,00:07:12.6,00:02:10.8,3.82,00:00:00.0,0.00,20.5,136,11.6,0.0,---,---,---,---,---,---,---,---,---,---,43.63304280,-79.44048200
1,1576.8,0.0,00:07:15.6,00:02:11.9,3.79,00:00:00.0,0.00,20.0,137,11.5,0.0,---,---,---,---,---,---,---,---,---,---,43.63298700,-79.44036200
1,1587.6,0.0,00:07:18.4,00:02:11.9,3.79,00:00:00.0,0.00,20.5,138,10.8,0.0,---,---,---,---,---,---,---,---,---,---,43.63293550,-79.44024830
1,1599.9,0.0,00:07:21.6,00:02:11.2,3.81,00:00:00.0,0.00,20.0,139,12.3,0.0,---,---,---,---,---,---,---,---,---,---,43.63287570,-79.44012000
1,1610.9,0.0,00:07:24.4,00:02:10.5,3.83,00:00:00.0,0.00,21.0,140,11.0,0.0,---,---,---,---,---,---,---,---,---,---,43.63282280,-79.44000400
1,1621.9,0.0,00:07:27.3,00:02:10.2,3.84,00:00:00.0,0.00,20.0,141,11.0,0.0,---,---,---,---,---,---,---,---,---,---,43.63277310,-79.43988610
1,1632.8,0.0,00:07:30.0,00:02:09.1,3.87,00:00:00.0,0.00,22.0,142,10.9,0.0,---,---,---,---,---,---,---,---,---,---,43.63272230,-79.43977010
1,1644.3,0.0,00:07:32.8,00:02:06.2,3.96,00:00:00.0,0.00,23.0,143,11.4,0.0,---,---,---,---,---,---,---,---,---,---,43.63267190,-79.43964700
1,1654.4,0.0,00:07:35.2,00:02:01.9,4.10,00:00:00.0,0.00,23.0,144,10.1,0.0,---,---,---,---,---,---,---,---,---,---,43.63262450,-79.43953950
1,1664.0,0.0,00:07:37.6,00:01:58.7,4.21,00:00:00.0,0.00,25.0,145,9.6,0.0,---,---,---,---,---,---,---,---,---,---,43.63258280,-79.43943450
1,1675.2,0.0,00:07:40.1,00:01:54.6,4.36,00:00:00.0,0.00,26.0,146,11.1,0.0,---,---,---,---,---,---,---,---,---,---,43.63253800,-79.43931100
1,1684.4,0.0,00:07:42.0,00:01:52.1,4.46,00:00:00.0,0.00,28.0,147,9.2,0.0,---,---,---,---,---,---,---,---,---,---,43.63249810,-79.43921050
1,1694.5,0.0,00:07:44.2,00:01:50.3,4.53,00:00:00.0,0.00,28.0,148,10.1,0.0,---,---,---,---,---,---,---,---,---,---,43.63245490,-79.43909980
1,1704.7,0.0,00:07:46.7,00:01:48.4,4.61,00:00:00.0,0.00,28.0,149,10.2,0.0,---,---,---,---,---,---,---,---,---,---,43.63241070,-79.43898870
1,1715.1,0.0,00:07:48.6,00:01:47.5,4.65,00:00:00.0,0.00,27.0,150,10.4,0.0,---,---,---,---,---,---,---,---,---,---,43.63236550,-79.43887640
1,1725.6,0.0,00:07:50.8,00:01:46.1,4.71,00:00:00.0,0.00,27.0,151,10.5,0.0,---,---,---,---,---,---,---,---,---,---,43.63231750,-79.43876460
1,1736.2,0.0,00:07:53.1,00:01:45.0,4.76,00:00:00.0,0.00,28.0,152,10.6,0.0,---,---,---,---,---,---,---,---,---,---,43.63227130,-79.43864940
1,1746.7,0.0,00:07:55.2,00:01:43.9,4.81,00:00:00.0,0.00,28.0,153,10.5,0.0,---,---,---,---,---,---,---,---,---,---,43.63222610,-79.43853440
1,1756.7,0.0,00:07:57.2,00:01:43.5,4.83,00:00:00.0,0.00,27.0,154,9.9,0.0,---,---,---,---,---,---,---,---,---,---,43.63218390,-79.43842580
1,1767.2,0.0,00:07:59.4,00:01:43.3,4.84,00:00:00.0,0.00,28.0,155,10.5,0.0,---,---,---,---,---,---,---,---,---,---,43.63214020,-79.43830970
1,1777.1,0.0,00:08:01.7,00:01:42.8,4.86,00:00:00.0,0.00,29.0,156,9.9,0.0,---,---,---,---,---,---,---,---,---,---,43.63209900,-79.43820050
1,1787.9,0.0,00:08:03.6,00:01:41.6,4.92,00:00:00.0,0.00,29.0,157,10.8,0.0,---,---,---,---,---,---,---,---,---,---,43.63205380,-79.43808240
1,1799.5,0.0,00:08:06.1,00:01:40.8,4.96,00:00:00.0,0.00,26.0,158,11.6,0.0,---,---,---,---,---,---,---,---,---,---,43.63200340,-79.43795630
1,1811.0,0.0,00:08:08.6,00:01:45.0,4.76,00:00:00.0,0.00,23.0,159,11.6,0.0,---,---,---,---,---,---,---,---,---,---,43.63195510,-79.43782930
1,1821.8,0.0,00:08:11.2,00:01:54.1,4.38,00:00:00.0,0.00,22.0,160,10.7,0.0,---,---,---,---,---,---,---,---,---,---,43.63190980,-79.43771170
1,1831.8,0.0,00:08:13.9,00:02:03.7,4.04,00:00:00.0,0.00,22.0,161,10.0,0.0,---,---,---,---,---,---,---,---,---,---,43.63186530,-79.43760420
1,1842.4,0.0,00:08:16.8,00:02:09.8,3.85,00:00:00.0,0.00,22.0,162,10.6,0.0,---,---,---,---,---,---,---,---,---,---,43.63181550,-79.43749170
1,1852.9,0.0,00:08:19.7,00:02:10.2,3.84,00:00:00.0,0.00,20.5,163,10.5,0.0,---,---,---,---,---,---,---,---,---,---,43.63176580,-79.43738040
1,1864.4,0.0,00:08:22.6,00:02:10.2,3.84,00:00:00.0,0.00,21.0,164,11.5,0.0,---,---,---,---,---,---,---,---,---,---,43.63170840,-79.43726240
1,1875.7,0.0,00:08:25.7,00:02:11.2,3.81,00:00:00.0,0.00,20.5,165,11.3,0.0,---,---,---,---,---,---,---,---,---,---,43.63165140,-79.43714600
1,1886.3,0.0,00:08:28.2,00:02:12.2,3.78,00:00:00.0,0.00,21.0,166,10.6,0.0,---,---,---,---,---,---,---,---,---,---,43.63159870,-79.43703620
1,1897.4,0.0,00:08:31.2,00:02:14.0,3.73,00:00:00.0,0.00,20.5,167,11.1,0.0,---,---,---,---,---,---,---,---,---,---,43.63154330,-79.43692190
1,1908.4,0.0,00:08:34.2,00:02:15.8,3.68,00:00:00.0,0.00,20.5,168,11.0,0.0,---,---,---,---,---,---,---,---,---,---,43.63149010,-79.43680690
1,1918.9,0.0,00:08:37.0,00:02:17.3,3.64,00:00:00.0,0.00,20.0,169,10.5,0.0,---,---,---,---,---,---,---,---,---,---,43.63144160,-79.43669510
1,1929.7,0.0,00:08:40.0,00:02:18.1,3.62,00:00:00.0,0.00,21.0,170,10.8,0.0,---,---,---,---,---,---,---,---,---,---,43.63139100,-79.43658030
1,1940.1,0.0,00:08:42.8,00:02:18.5,3.61,00:00:00.0,0.00,21.0,171,10.3,0.0,---,---,---,---,---,---,---,---,---,---,43.63134440,-79.43646940
1,1950.6,0.0,00:08:45.7,00:02:16.6,3.66,00:00:00.0,0.00,21.0,172,10.5,0.0,---,---,---,---,---,---,---,---,---,---,43.63129520,-79.43635820
1,1960.0,0.0,00:08:48.0,00:02:12.2,3.78,00:00:00.0,0.00,24.5,173,9.4,0.0,---,---,---,---,---,---,---,---,---,---,43.63125080,-79.43625840
1,1970.0,0.0,00:08:50.4,00:02:05.0,4.00,00:00:00.0,0.00,27.0,174,10.0,0.0,---,---,---,---,---,---,---,---,---,---,43.63120340,-79.43615250
1,1979.0,0.0,00:08:52.7,00:01:57.3,4.26,00:00:00.0,0.00,27.0,175,9.0,0.0,---,---,---,---,---,---,---,---,---,---,43.63116380,-79.43605540
1,1989.2,0.0,00:08:54.6,00:01:50.8,4.51,00:00:00.0,0.00,29.0,176,10.1,0.0,---,---,---,---,---,---,---,---,---,---,43.63111780,-79.43594680
1,1998.8,0.0,00:08:56.6,00:01:46.6,4.69,00:00:00.0,0.00,30.0,177,9.6,0.0,---,---,---,---,---,---,---,---,---,---,43.63107360,-79.43584440
1,2007.8,0.0,00:08:58.7,00:01:43.5,4.83,00:00:00.0,0.00,30.0,178,9.0,0.0,---,---,---,---,---,---,---,---,---,---,43.63103250,-79.43574790
1,2018.5,0.0,00:09:00.6,00:01:39.8,5.01,00:00:00.0,0.00,30.0,179,10.8,0.0,---,---,---,---,---,---,---,---,---,---,43.63098310,-79.43563320
1,2027.8,0.0,00:09:02.4,00:01:38.6,5.07,00:00:00.0,0.00,31.5,180,9.3,0.0,---,---,---,---,---,---,---,---,---,---,43.63094100,-79.43553380
1,2038.2,0.0,00:09:04.7,00:01:38.0,5.10,00:00:00.0,0.00,31.5,181,10.3,0.0,---,---,---,---,---,---,---,---,---,---,43.63089610,-79.43542150
1,2047.7,0.0,00:09:06.2,00:01:36.5,5.18,00:00:00.0,0.00,31.5,182,9.6,0.0,---,---,---,---,---,---,---,---,---,---,43.63085470,-79.43531750
1,2058.1,0.0,00:09:08.2,00:01:36.1,5.20,00:00:00.0,0.00,32.5,183,10.4,0.0,---,---,---,---,---,---,---,---,---,---,43.63081110,-79.43520300
1,2067.7,0.0,00:09:10.0,00:01:35.2,5.25,00:00:00.0,0.00,30.0,184,9.6,0.0,---,---,---,---,---,---,---,---,---,---,43.63077310,-79.43509670
1,2077.2,0.0,00:09:11.9,00:01:35.6,5.23,00:00:00.0,0.00,32.5,185,9.5,0.0,---,---,---,---,---,---,---,---,---,---,43.63073700,-79.43499000
1,2086.7,0.0,00:09:13.8,00:01:35.9,5.21,00:00:00.0,0.00,31.5,186,9.6,0.0,---,---,---,---,---,---,---,---,---,---,43.63070270,-79.43488120
1,2097.1,0.0,00:09:15.6,00:01:33.9,5.32,00:00:00.0,0.00,32.5,187,10.3,0.0,---,---,---,---,---,---,---,---,---,---,43.63066510,-79.43476420
1,2106.6,0.0,00:09:17.4,00:01:34.6,5.28,00:00:00.0,0.00,31.5,188,9.5,0.0,---,---,---,---,---,---,---,---,---,---,43.63063080,-79.43465630
1,2116.9,0.0,00:09:19.7,00:01:36.1,5.20,00:00:00.0,0.00,29.0,189,10.4,0.0,---,---,---,---,---,---,---,---,---,---,43.63059700,-79.43453630
1,2129.2,0.0,00:09:22.0,00:01:38.2,5.09,00:00:00.0,0.00,27.0,190,12.2,0.0,---,---,---,---,---,---,---,---,---,---,43.63055460,-79.43439610
1,2139.8,0.0,00:09:24.5,00:01:45.9,4.72,00:00:00.0,0.00,23.5,191,10.7,0.0,---,---,---,---,---,---,---,---,---,---,43.63052070,-79.43427230
1,2150.3,0.0,00:09:27.0,00:01:56.5,4.29,00:00:00.0,0.00,23.0,192,10.4,0.0,---,---,---,---,---,---,---,---,---,---,43.63048850,-79.43415060
1,2160.2,0.0,00:09:29.6,00:02:05.3,3.99,00:00:00.0,0.00,23.0,193,9.9,0.0,---,---,---,---,---,---,---,---,---,---,43.63045860,-79.43403430
1,2170.6,0.0,00:09:32.4,00:02:11.2,3.81,00:00:00.0,0.00,22.0,194,10.4,0.0,---,---,---,---,---,---,---,---,---,---,43.63042760,-79.43391300
1,2180.1,0.0,00:09:35.0,00:02:15.5,3.69,00:00:00.0,0.00,22.0,195,9.5,0.0,---,---,---,---,---,---,---,---,---,---,43.63039940,-79.43380120
1,2190.1,0.0,00:09:37.9,00:02:18.5,3.61,00:00:00.0,0.00,21.0,196,10.0,0.0,---,---,---,---,---,---,---,---,---,---,43.63037000,-79.43368380
1,2200.3,0.0,00:09:40.8,00:02:18.5,3.61,00:00:00.0,0.00,20.5,197,10.2,0.0,---,---,---,---,---,---,---,---,---,---,43.63033860,-79.43356540
1,2210.8,0.0,00:09:43.8,00:02:18.5,3.61,00:00:00.0,0.00,21.0,198,10.5,0.0,---,---,---,---,---,---,---,---,---,---,43.63030540,-79.43344320
1,2220.8,0.0,00:09:46.7,00:02:19.6,3.58,00:00:00.0,0.00,20.0,199,10.0,0.0,---,---,---,---,---,---,---,---,---,---,43.63027220,-79.43332860
1,2231.9,0.0,00:09:49.8,00:02:20.0,3.57,00:00:00.0,0.00,20.5,200,11.1,0.0,---,---,---,---,---,---,---,---,---,---,43.63023680,-79.43319980
1,2242.7,0.0,00:09:52.8,00:02:19.6,3.58,00:00:00.0,0.00,19.5,201,10.8,0.0,---,---,---,---,---,---,---,---,---,---,43.63020080,-79.43307510
1,2253.2,0.0,00:09:55.8,00:02:19.2,3.59,00:00:00.0,0.00,20.0,202,10.5,0.0,---,---,---,---,---,---,---,---,---,---,43.63016740,-79.43295360
1,2263.3,0.0,00:09:58.7,00:02:19.6,3.58,00:00:00.0,0.00,20.0,203,10.1,0.0,---,---,---,---,---,---,---,---,---,---,43.63013400,-79.43283690
1,2274.2,0.0,00:10:01.7,00:02:16.9,3.65,00:00:00.0,0.00,20.5,204,11.0,0.0,---,---,---,---,---,---,---,---,---,---,43.63009990,-79.43270920
1,2286.1,0.0,00:10:04.8,00:02:13.3,3.75,00:00:00.0,0.00,20.5,205,11.8,0.0,---,---,---,---,---,---,---,---,---,---,43.63006590,-79.43257010
1,2297.2,0.0,00:10:07.8,00:02:11.9,3.79,00:00:00.0,0.00,19.5,206,11.1,0.0,---,---,---,---,---,---,---,---,---,---,43.63003400,-79.43243910
1,2308.3,0.0,00:10:10.8,00:02:13.3,3.75,00:00:00.0,0.00,19.5,207,11.1,0.0,---,---,---,---,---,---,---,---,---,---,43.63000080,-79.43230910
1,2319.8,0.0,00:10:13.9,00:02:14.4,3.72,00:00:00.0,0.00,19.5,208,11.5,0.0,---,---,---,---,---,---,---,---,---,---,43.62996600,-79.43217450
1,2330.0,0.0,00:10:16.8,00:02:15.8,3.68,00:00:00.0,0.00,21.0,209,10.2,0.0,---,---,---,---,---,---,---,---,---,---,43.62993540,-79.43205490
1,2340.3,0.0,00:10:19.7,00:02:17.3,3.64,00:00:00.0,0.00,21.0,210,10.2,0.0,---,---,---,---,---,---,---,---,---,---,43.62990270,-79.43193640
1,2350.4,0.0,00:10:22.2,00:02:16.6,3.66,00:00:00.0,0.00,22.0,211,10.1,0.0,---,---,---,---,---,---,---,---,---,---,43.62987350,-79.43181760
1,2360.5,0.0,00:10:24.9,00:02:12.9,3.76,00:00:00.0,0.00,25.0,212,10.2,0.0,---,---,---,---,---,---,---,---,---,---,43.62984720,-79.43169670
1,2369.8,0.0,00:10:27.0,00:02:06.9,3.94,00:00:00.0,0.00,25.0,213,9.2,0.0,---,---,---,---,---,---,---,---,---,---,43.62982200,-79.43158760
1,2379.2,0.0,00:10:29.2,00:02:00.4,4.15,00:00:00.0,0.00,27.0,214,9.4,0.0,---,---,---,---,---,---,---,---,---,---,43.62979860,-79.43147500
1,2389.0,0.0,00:10:31.7,00:01:55.4,4.33,00:00:00.0,0.00,28.0,215,9.8,0.0,---,---,---,---,---,---,---,---,---,---,43.62977030,-79.43136020
1,2398.3,0.0,00:10:33.5,00:01:51.3,4.49,00:00:00.0,0.00,29.0,216,9.3,0.0,---,---,---,---,---,---,---,---,---,---,43.62974650,-79.43124930
1,2407.7,0.0,00:10:35.5,00:01:48.4,4.61,00:00:00.0,0.00,30.0,217,9.4,0.0,---,---,---,---,---,---,---,---,---,---,43.62972370,-79.43113690
1,2417.4,0.0,00:10:37.7,00:01:45.0,4.76,00:00:00.0,0.00,30.0,218,9.7,0.0,---,---,---,---,---,---,---,---,---,---,43.62970100,-79.43102050
1,2426.4,0.0,00:10:39.3,00:01:43.3,4.84,00:00:00.0,0.00,31.5,219,9.0,0.0,---,---,---,---,---,---,---,---,---,---,43.62967970,-79.43091340
1,2436.2,0.0,00:10:41.2,00:01:42.8,4.86,00:00:00.0,0.00,30.0,220,9.9,0.0,---,---,---,---,---,---,---,---,---,---,43.62965710,-79.43079480
1,2446.2,0.0,00:10:43.3,00:01:41.2,4.94,00:00:00.0,0.00,31.5,221,9.9,0.0,---,---,---,---,---,---,---,---,---,---,43.62963360,-79.43067600
1,2455.4,0.0,00:10:45.1,00:01:41.4,4.93,00:00:00.0,0.00,31.5,222,9.2,0.0,---,---,---,---,---,---,---,---,---,---,43.62961280,-79.43056550
1,2465.4,0.0,00:10:47.0,00:01:40.6,4.97,00:00:00.0,0.00,30.0,223,10.0,0.0,---,---,---,---,---,---,---,---,---,---,43.62959280,-79.43044450
1,2474.5,0.0,00:10:48.9,00:01:39.0,5.05,00:00:00.0,0.00,32.5,224,9.2,0.0,---,---,---,---,---,---,---,---,---,---,43.62957190,-79.43033440
1,2483.7,0.0,00:10:50.6,00:01:39.6,5.02,00:00:00.0,0.00,32.5,225,9.2,0.0,---,---,---,---,---,---,---,---,---,---,43.62955230,-79.43022380
1,2492.7,0.0,00:10:52.7,00:01:40.0,5.00,00:00:00.0,0.00,32.5,226,9.0,0.0,---,---,---,---,---,---,---,---,---,---,43.62953330,-79.43011580
1,2502.5,0.0,00:10:54.4,00:01:39.4,5.03,00:00:00.0,0.00,31.5,227,9.9,0.0,---,---,---,---,---,---,---,---,---,---,43.62951000,-79.42999770
1,2511.4,0.0,00:10:56.3,00:01:40.4,4.98,00:00:00.0,0.00,31.5,228,8.9,0.0,---,---,---,---,---,---,---,---,---,---,43.62949050,-79.42989030
1,2521.2,0.0,00:10:58.3,00:01:41.4,4.93,00:00:00.0,0.00,32.5,229,9.8,0.0,---,---,---,---,---,---,---,---,---,---,43.62946880,-79.42977280
1,2530.0,0.0,00:11:00.0,00:01:41.8,4.91,00:00:00.0,0.00,31.5,230,8.8,0.0,---,---,---,---,---,---,---,---,---,---,43.62944850,-79.42966710
1,2538.9,0.0,00:11:01.9,00:01:42.6,4.87,00:00:00.0,0.00,32.5,231,8.9,0.0,---,---,---,---,---,---,---,---,---,---,43.62942730,-79.42956070
1,2548.8,0.0,00:11:03.9,00:01:41.0,4.95,00:00:00.0,0.00,31.5,232,9.8,0.0,---,---,---,---,---,---,---,---,---,---,43.62940750,-79.42944180
1,2557.7,0.0,00:11:05.7,00:01:40.6,4.97,00:00:00.0,0.00,31.5,233,8.9,0.0,---,---,---,---,---,---,---,---,---,---,43.62938870,-79.42933380
1,2566.5,0.0,00:11:07.7,00:01:42.4,4.88,00:00:00.0,0.00,32.5,234,8.8,0.0,---,---,---,---,---,---,---,---,---,---,43.62936970,-79.42922770
1,2577.5,0.0,00:11:09.9,00:01:43.3,4.84,00:00:00.0,0.00,28.0,235,11.0,0.0,---,---,---,---,---,---,---,---,---,---,43.62934710,-79.42909530
1,2587.7,0.0,00:11:12.3,00:01:48.6,4.60,00:00:00.0,0.00,25.0,236,10.2,0.0,---,---,---,---,---,---,---,---,---,---,43.62932770,-79.42897190
1,2598.0,0.0,00:11:14.9,00:01:59.0,4.20,00:00:00.0,0.00,22.0,237,10.3,0.0,---,---,---,---,---,---,---,---,---,---,43.62930690,-79.42884670
1,2607.7,0.0,00:11:17.5,00:02:08.5,3.89,00:00:00.0,0.00,23.0,238,9.7,0.0,---,---,---,---,---,---,---,---,---,---,43.62928670,-79.42873020
1,2617.5,0.0,00:11:20.2,00:02:16.6,3.66,00:00:00.0,0.00,22.0,239,9.8,0.0,---,---,---,---,---,---,---,---,---,---,43.62926600,-79.42861180
1,2627.0,0.0,00:11:23.1,00:02:22.0,3.52,00:00:00.0,0.00,21.5,240,9.5,0.0,---,---,---,---,---,---,---,---,---,---,43.62924210,-79.42849860
1,2635.2,0.0,00:11:25.8,00:02:28.3,3.37,00:00:00.0,0.00,21.0,241,8.3,0.0,---,---,---,---,---,---,---,---,---,---,43.62922160,-79.42840010
1,2644.6,0.0,00:11:28.8,00:02:35.2,3.22,00:00:00.0,0.00,20.5,242,9.3,0.0,---,---,---,---,---,---,---,---,---,---,43.62920260,-79.42828730
1,2653.6,0.0,00:11:31.7,00:02:36.2,3.20,00:00:00.0,0.00,21.0,243,9.0,0.0,---,---,---,---,---,---,---,---,---,---,43.62918350,-79.42817840
1,2663.1,0.0,00:11:34.7,00:02:34.7,3.23,00:00:00.0,0.00,20.5,244,9.5,0.0,---,---,---,---,---,---,---,---,---,---,43.62916470,-79.42806310
1,2672.7,0.0,00:11:37.7,00:02:34.3,3.24,00:00:00.0,0.00,21.0,245,9.6,0.0,---,---,---,---,---,---,---,---,---,---,43.62914870,-79.42794650
1,2681.7,0.0,00:11:40.2,00:02:33.8,3.25,00:00:00.0,0.00,21.0,246,9.0,0.0,---,---,---,---,---,---,---,---,---,---,43.62913450,-79.42783590
1,2691.2,0.0,00:11:43.3,00:02:34.7,3.23,00:00:00.0,0.00,20.5,247,9.5,0.0,---,---,---,---,---,---,---,---,---,---,43.62912350,-79.42771880
1,2700.4,0.0,00:11:46.1,00:02:35.2,3.22,00:00:00.0,0.00,20.5,248,9.2,0.0,---,---,---,---,---,---,---,---,---,---,43.62911540,-79.42760560
1,2710.2,0.0,00:11:49.1,00:02:35.2,3.22,00:00:00.0,0.00,20.5,249,9.8,0.0,---,---,---,---,---,---,---,---,---,---,43.62910950,-79.42748480
1,2720.3,0.0,00:11:52.0,00:02:32.9,3.27,00:00:00.0,0.00,20.0,250,10.2,0.0,---,---,---,---,---,---,---,---,---,---,43.62910090,-79.42735910
1,2730.5,0.0,00:11:55.1,00:02:28.3,3.37,00:00:00.0,0.00,20.5,251,10.2,0.0,---,---,---,---,---,---,---,---,---,---,43.62909870,-79.42723320
1,2739.9,0.0,00:11:57.9,00:02:28.8,3.36,00:00:00.0,0.00,20.5,252,9.4,0.0,---,---,---,---,---,---,---,---,---,---,43.62909490,-79.42711630
1,2749.9,0.0,00:12:00.9,00:02:30.1,3.33,00:00:00.0,0.00,20.5,253,10.0,0.0,---,---,---,---,---,---,---,---,---,---,43.62909170,-79.42699170
1,2760.0,0.0,00:12:03.9,00:02:30.1,3.33,00:00:00.0,0.00,19.5,254,10.0,0.0,---,---,---,---,---,---,---,---,---,---,43.62908760,-79.42686740
1,2771.0,0.0,00:12:07.1,00:02:28.3,3.37,00:00:00.0,0.00,19.5,255,11.0,0.0,---,---,---,---,---,---,---,---,---,---,43.62908440,-79.42673040
1,2782.1,0.0,00:12:10.3,00:02:25.7,3.43,00:00:00.0,0.00,19.0,256,11.1,0.0,---,---,---,---,---,---,---,---,---,---,43.62908410,-79.42659280
1,2793.2,0.0,00:12:13.7,00:02:25.3,3.44,00:00:00.0,0.00,19.5,257,11.1,0.0,---,---,---,---,---,---,---,---,---,---,43.62908890,-79.42645510
1,2803.8,0.0,00:12:16.7,00:02:24.0,3.47,00:00:00.0,0.00,20.5,258,10.6,0.0,---,---,---,---,---,---,---,---,---,---,43.62909470,-79.42632410
1,2813.7,0.0,00:12:19.3,00:02:23.6,3.48,00:00:00.0,0.00,20.0,259,9.9,0.0,---,---,---,---,---,---,---,---,---,---,43.62909820,-79.42620160
1,2823.8,0.0,00:12:22.3,00:02:25.3,3.44,00:00:00.0,0.00,20.0,260,10.1,0.0,---,---,---,---,---,---,---,---,---,---,43.62910060,-79.42607590
1,2834.7,0.0,00:12:25.7,00:02:26.6,3.41,00:00:00.0,0.00,20.0,261,10.8,0.0,---,---,---,---,---,---,---,---,---,---,43.62910760,-79.42594160
1,2845.2,0.0,00:12:28.7,00:02:24.9,3.45,00:00:00.0,0.00,19.5,262,10.6,0.0,---,---,---,---,---,---,---,---,---,---,43.62911490,-79.42581050
1,2855.9,0.0,00:12:31.7,00:02:22.8,3.50,00:00:00.0,0.00,20.0,263,10.7,0.0,---,---,---,---,---,---,---,---,---,---,43.62912130,-79.42567830
1,2866.6,0.0,00:12:34.7,00:02:21.2,3.54,00:00:00.0,0.00,20.0,264,10.7,0.0,---,---,---,---,---,---,---,---,---,---,43.62912530,-79.42554600
1,2876.3,0.0,00:12:37.3,00:02:22.4,3.51,00:00:00.0,0.00,20.0,265,9.7,0.0,---,---,---,---,---,---,---,---,---,---,43.62912800,-79.42542550
1,2887.2,0.0,00:12:40.7,00:02:24.9,3.45,00:00:00.0,0.00,20.5,266,10.9,0.0,---,---,---,---,---,---,---,---,---,---,43.62913130,-79.42529010
1,2897.8,0.0,00:12:43.7,00:02:24.0,3.47,00:00:00.0,0.00,20.5,267,10.6,0.0,---,---,---,---,---,---,---,---,---,---,43.62913540,-79.42515900
1,2908.1,0.0,00:12:46.3,00:02:20.8,3.55,00:00:00.0,0.00,20.0,268,10.3,0.0,---,---,---,---,---,---,---,---,---,---,43.62913770,-79.42503140
1,2918.8,0.0,00:12:49.3,00:02:19.2,3.59,00:00:00.0,0.00,20.5,269,10.7,0.0,---,---,---,---,---,---,---,---,---,---,43.62914080,-79.42489860
1,2929.5,0.0,00:12:52.3,00:02:19.6,3.58,00:00:00.0,0.00,21.0,270,10.7,0.0,---,---,---,---,---,---,---,---,---,---,43.62914410,-79.42476560
1,2939.8,0.0,00:12:55.1,00:02:19.6,3.58,00:00:00.0,0.00,20.0,271,10.3,0.0,---,---,---,---,---,---,---,---,---,---,43.62914840,-79.42463830
1,2950.8,0.0,00:12:58.1,00:02:18.8,3.60,00:00:00.0,0.00,20.5,272,11.0,0.0,---,---,---,---,---,---,---,---,---,---,43.62915320,-79.42450220
1,2961.2,0.0,00:13:00.9,00:02:17.7,3.63,00:00:00.0,0.00,21.0,273,10.4,0.0,---,---,---,---,---,---,---,---,---,---,43.62915800,-79.42437310
1,2972.2,0.0,00:13:03.9,00:02:16.9,3.65,00:00:00.0,0.00,20.5,274,11.0,0.0,---,---,---,---,---,---,---,---,---,---,43.62916170,-79.42423670
1,2983.1,0.0,00:13:06.9,00:02:16.2,3.67,00:00:00.0,0.00,20.5,275,11.0,0.0,---,---,---,---,---,---,---,---,---,---,43.62916840,-79.42410080
1,2993.7,0.0,00:13:09.7,00:02:16.2,3.67,00:00:00.0,0.00,20.5,276,10.5,0.0,---,---,---,---,---,---,---,---,---,---,43.62917550,-79.42397050
1,3004.7,0.0,00:13:12.7,00:02:15.1,3.70,00:00:00.0,0.00,20.0,277,11.1,0.0,---,---,---,---,---,---,---,---,---,---,43.62918450,-79.42383370
1,3015.9,0.0,00:13:15.7,00:02:14.0,3.73,00:00:00.0,0.00,20.5,278,11.2,0.0,---,---,---,---,---,---,---,---,---,---,43.62919400,-79.42369560
1,3027.3,0.0,00:13:18.7,00:02:13.3,3.75,00:00:00.0,0.00,20.5,279,11.4,0.0,---,---,---,---,---,---,---,---,---,---,43.62920640,-79.42355560
1,3038.1,0.0,00:13:21.5,00:02:12.2,3.78,00:00:00.0,0.00,21.0,280,10.8,0.0,---,---,---,---,---,---,---,---,---,---,43.62921820,-79.42342230
1,3049.6,0.0,00:13:24.5,00:02:11.5,3.80,00:00:00.0,0.00,20.5,281,11.5,0.0,---,---,---,---,---,---,---,---,---,---,43.62923100,-79.42328130
1,3060.3,0.0,00:13:27.3,00:02:11.2,3.81,00:00:00.0,0.00,20.5,282,10.8,0.0,---,---,---,---,---,---,---,---,---,---,43.62924170,-79.42314840
1,3071.6,0.0,00:13:30.3,00:02:11.9,3.79,00:00:00.0,0.00,20.5,283,11.3,0.0,---,---,---,---,---,---,---,---,---,---,43.62925650,-79.42300950
1,3083.3,0.0,00:13:33.3,00:02:09.8,3.85,00:00:00.0,0.00,20.5,284,11.7,0.0,---,---,---,---,---,---,---,---,---,---,43.62927280,-79.42286590
1,3095.2,0.0,00:13:36.3,00:02:07.5,3.92,00:00:00.0,0.00,20.5,285,11.8,0.0,---,---,---,---,---,---,---,---,---,---,43.62928870,-79.42272050
1,3105.9,0.0,00:13:39.1,00:02:09.1,3.87,00:00:00.0,0.00,20.5,286,10.7,0.0,---,---,---,---,---,---,---,---,---,---,43.62930040,-79.42258850
1,3117.2,0.0,00:13:42.1,00:02:12.2,3.78,00:00:00.0,0.00,20.5,287,11.3,0.0,---,---,---,---,---,---,---,---,---,---,43.62931060,-79.42244940
1,3128.3,0.0,00:13:45.1,00:02:14.0,3.73,00:00:00.0,0.00,20.0,288,11.1,0.0,---,---,---,---,---,---,---,---,---,---,43.62931620,-79.42231210
1,3139.4,0.0,00:13:48.1,00:02:14.7,3.71,00:00:00.0,0.00,20.0,289,11.1,0.0,---,---,---,---,---,---,---,---,---,---,43.62932170,-79.42217440
1,3150.2,0.0,00:13:51.1,00:02:16.2,3.67,00:00:00.0,0.00,20.5,290,10.8,0.0,---,---,---,---,---,---,---,---,---,---,43.62932460,-79.42204020
1,3175.0,0.0,00:14:00.6,00:03:50.4,2.17,00:00:00.0,0.00,31.5,291,24.8,0.0,---,---,---,---,---,---,---,---,---,---,43.62938190,-79.42110680
1,3176.4,0.0,00:14:01.2,00:05:16.4,1.58,00:00:00.0,0.00,68.5,292,1.4,0.0,---,---,---,---,---,---,---,---,---,---,43.62938490,-79.42108990
1,3183.4,0.0,00:14:03.6,00:03:13.7,2.58,00:00:00.0,0.00,28.0,293,7.0,0.0,---,---,---,---,---,---,---,---,---,---,43.62939760,-79.42100480
1,3191.2,0.0,00:14:05.6,00:02:35.7,3.21,00:00:00.0,0.00,29.0,294,7.8,0.0,---,---,---,---,---,---,---,---,---,---,43.62940990,-79.42090930
1,3199.9,0.0,00:14:07.8,00:02:06.5,3.95,00:00:00.0,0.00,30.0,295,8.7,0.0,---,---,---,---,---,---,---,---,---,---,43.62942110,-79.42080280
1,3209.2,0.0,00:14:09.6,00:01:51.3,4.49,00:00:00.0,0.00,31.5,296,9.4,0.0,---,---,---,---,---,---,---,---,---,---,43.62943460,-79.42068790
1,3218.2,0.0,00:14:11.4,00:01:43.9,4.81,00:00:00.0,0.00,32.5,297,8.9,0.0,---,---,---,---,---,---,---,---,---,---,43.62944320,-79.42057770
1,3227.3,0.0,00:14:13.2,00:01:41.2,4.94,00:00:00.0,0.00,32.5,298,9.1,0.0,---,---,---,---,---,---,---,---,---,---,43.62945090,-79.42046540
1,3236.4,0.0,00:14:15.0,00:01:40.4,4.98,00:00:00.0,0.00,31.5,299,9.1,0.0,---,---,---,---,---,---,---,---,---,---,43.62945450,-79.42035220
